,US,,,,
,US999,,,,
,United States of America,United States of America,,,United States of America
Product description (HS),CNTRY-average,CNTRY-average,,,CNTRY-average
,,,,,
"Wheat (Durum wheat, Wheat nes and meslin)",1869,2191,1,1,2190.548402
,92,,2,2,0
,229,,3,0,0
Wheat or meslin flour,1892,2217,4,1,2216.591128
,93,,5,2,0
,232,,6,0,0
Wheat bread,1645,1927,7,1,1927.470546
,81,,8,2,0
,202,,9,0,0
Dry pasta,1892,2217,10,1,2216.591128
,93,,11,2,0
,232,,12,0,0
Wheat groats and meal,2083,2441,13,1,2441.341176
,102,,14,2,0
,255,,15,0,0
Wheat pellets,2083,2441,16,1,2441.341176
,102,,17,2,0
,255,,18,0,0
"Wheat, starch",1469,1722,19,1,1721.5619
,72,,20,2,0
,180,,21,0,0
"Wheat gluten, whether or not dried",4286,5022,22,1,5021.75675
,211,,23,2,0
,525,,24,0,0
Rice in the husk (paddy or rough),422,1455,25,1,1454.624125
,847,1581,26,2,0
,185,1834,27,0,0
"Rice, husked (brown)",549,1889,28,1,1889.12224
,1100,1950,29,2,0
,241,2072,30,0,0
"Rice, semi-milled or wholly milled, whether or not polished or glazed",610,2099,31,1,2099.024711
,1222,2120,32,2,0
,268,2162,33,0,0
"Rice, broken",631,2171,34,1,2171.080783
,1264,2204,35,2,0
,277,2271,36,0,0
Rice flour,664,2285,37,1,2285.348193
,1330,2185,38,2,0
,291,1984,39,0,0
Rice groats and meal,563,1939,40,1,1939.498833
,1129,2303,41,2,0
,247,1394,42,0,0
Barley,926,1302,43,1,1301.637707
,221,1662,44,2,0
,154,1748,45,0,0
"Barley, rolled or flaked grains",1287,1808,46,1,1807.830149
,307,1808,47,2,0
,214,1808,48,0,0
"Barley,hulled,pearled,sliced or kibbled",1287,1808,49,1,1807.830149
,307,1790,50,2,0
,214,1786,51,0,0
"Malt, not roasted",1269,1783,52,1,1783.065352
,303,2100,53,2,0
,212,2176,54,0,0
"Malt, roasted",1586,2229,55,1,2228.83169
,378,836,56,2,0
,264,504,57,0,0
Beer made from malt,194,272,58,1,272.2237179
,46,601,59,2,0
,32,618,60,0,0
Maize (corn),522,762,61,1,762.2001269
,63,762,62,2,0
,176,762,63,0,0
Maize (corn) nes,522,762,64,1,762.2001269
,63,775,65,2,0
,176,777,66,0,0
Maize (corn) flour,536,782,67,1,781.5557434
,65,708,68,2,0
,181,699,69,0,0
Maize (corn) groats and meal,462,674,70,1,673.7492248
,56,774,71,2,0
,156,786,72,0,0
"Maize (corn), hulled, pearled, sliced or kibbled",562,820,73,1,819.570029
,68,972,74,2,0
,190,991,75,0,0
Maize (corn) starch,714,1042,76,1,1042.074325
,87,1406,77,2,0
,241,1451,78,0,0
Maize (corn) oil crude,1079,1574,79,1,1573.733421
,131,1596,80,2,0
,364,1598,81,0,0
"Maize (corn) oil and its fractions,refined but not chemically modified",1101,1606,82,1,1605.85043
,133,3483,83,2,0
,372,3611,84,0,0
Rye,2978,3524,85,1,3524.32616
,262,4269,86,2,0
,285,4334,87,0,0
Rye flour,3722,4405,88,1,4405.4077
,327,1997,89,2,0
,356,2264,90,0,0
Oats,1313,2123,91,1,2123.216135
,595,2673,92,2,0
,215,2922,93,0,0
Oat groats and meal,1863,3012,94,1,3011.892535
,844,2924,95,2,0
,305,2884,96,0,0
"Oats, rolled or flaked grains",1775,2870,97,1,2869.504958
,804,2894,98,2,0
,291,2905,99,0,0
"Oats, hulled,pearled,sliced or kibbled",1799,2909,100,1,2908.515253
,815,4113,101,2,0
,295,3359,102,0,0
Millet,3003,3374,103,1,3374.409302
,61,1431,104,2,0
,310,1440,105,0,0
Grain sorghum,1060,1247,106,1,1246.86671
,70,2931,107,2,0
,118,3652,108,0,0
Buckwheat,2743,4003,109,1,4003.340831
,791,1260,110,2,0
,469,469,111,0,0
,,0,112,1,0
,,0,113,2,0
,,0,114,0,0
,,0,115,1,0
,,0,116,2,0
,,0,117,0,0
,,0,118,1,0
,,0,119,2,0
,,0,120,0,0
Canary seed,,0,121,1,0
,,0,122,2,0
,,0,123,0,0
,,0,124,1,0
,,0,125,2,0
,,0,126,0,0
Cereals unmilled nes,,0,127,1,0
,,0,128,2,0
,,0,129,0,0
Cereal flour nes,,0,130,1,0
,,0,131,2,0
,,0,132,0,0
Cereal groats and meal nes,,0,133,1,0
,,0,134,2,0
,,0,135,0,0
Cereal pellets nes,,0,136,1,0
,,0,137,2,0
,,0,138,0,0
"Cereals, rolled or flaked grains nes",,0,139,1,0
,,0,140,2,0
,,0,141,0,0
"Cereals, hulled, pearled, sliced or kibbled nes",,0,142,1,0
,,0,143,2,0
,,0,144,0,0
"Germ of cereals, whole, rolled, flaked or ground",,0,145,1,0
,,49,146,2,0
,,138,147,0,0
"Potatoes, fresh or chilled nes",49,398,148,1,398.1200037
,89,596,149,2,0
,260,951,150,0,0
Tapioca of potatoes,247,1991,151,1,1990.600018
,444,1843,152,2,0
,1300,1576,153,0,0
"Potatoes, frozen",99,796,154,1,796.2400073
,178,944,155,2,0
,520,1211,156,0,0
Potato flour and meal,247,1991,157,1,1990.600018
,444,1923,158,2,0
,1300,1802,159,0,0
Potato flakes,179,1448,160,1,1447.709104
,323,1528,161,2,0
,945,1672,162,0,0
Potato starch,260,2095,163,1,2095.36844
,467,2045,164,2,0
,1368,1635,165,0,0
"Sweet potatoes, fresh or dried, whether or not sliced or pelleted",210,890,166,1,889.6234786
,57,680,167,2,0
,623,623,168,0,0
"Manioc (cassava), fresh or dried, whether or not sliced or pelleted",,0,169,1,0
,,0,170,2,0
,,0,171,0,0
Tapioca of cassava,,0,172,1,0
,,0,173,2,0
,,0,174,0,0
Flour of cassava,,0,175,1,0
,,0,176,2,0
,,0,177,0,0
Dried cassava,,0,178,1,0
,,0,179,2,0
,,0,180,0,0
Manioc (cassava) starch,,0,181,1,0
,,0,182,2,0
,,0,183,0,0
,,0,184,1,0
,,251,185,2,0
,,327,186,0,0
Taro (coco yam),251,1032,187,1,1031.690614
,76,781,188,2,0
,705,705,189,0,0
,,0,190,1,0
,,0,191,2,0
,,0,192,0,0
"Salad beetroot,salsif,celeriac,radish&sim edibl roots,fresh/chilld nes",,0,193,1,0
,,0,194,2,0
,,0,195,0,0
"Arrowroot,salep etc fr o drid whether o not slicd o pelletd&sago pith",,0,196,1,0
,,0,197,2,0
,,0,198,0,0
,,0,199,1,0
,,0,200,2,0
,,0,201,0,0
Flour&meal of sago&of roots or tubers with hi starch or inulin content,,0,202,1,0
,,174,203,2,0
,,199,204,0,0
"Sugar cane, fresh or dried, whether or not ground",174,212,205,1,212.0911549
,25,1422,206,2,0
,13,1596,207,0,0
"Raw sugar, cane",1384,1686,208,1,1685.857249
,199,1782,209,2,0
,103,1796,210,0,0
"Refined sugar,in solid form,containg added flavourg or colourg matter",1481,1803,211,1,1803.055881
,213,1803,212,2,0
,110,1803,213,0,0
"Refined sugar, in solid form, nes",1481,1803,214,1,1803.055881
,213,1803,215,2,0
,110,1803,216,0,0
Maple sugar and maple syrup,1481,1803,217,1,1803.055881
,213,1803,218,2,0
,110,1803,219,0,0
Glucose&glucose syrup nt cntg fruct/cntg in dry state <20% by wt fruct,1481,1803,220,1,1803.055881
,213,1803,221,2,0
,110,1803,222,0,0
Glucose inc syrup cntg in dry state min 20% but <50% by wt of fructose,1481,1803,223,1,1803.055881
,213,1803,224,2,0
,110,1803,225,0,0
"Fructose, chemically pure",1481,1803,226,1,1803.055881
,213,1803,227,2,0
,110,1803,228,0,0
"Fructose&fructose syrup nes,cntg in dry state >50% by wght of fructose",1481,1803,229,1,1803.055881
,213,760,230,2,0
,110,610,231,0,0
Cane molasses,438,533,232,1,532.9371491
,63,164,233,2,0
,32,139,234,0,0
"Sugar beet, fresh or dried, whether or not ground",69,127,235,1,127.1546299
,38,508,236,2,0
,20,718,237,0,0
"Raw sugar, beet",450,831,238,1,831.4002718
,248,498,239,2,0
,134,314,240,0,0
Molasses nes,116,215,241,1,215.1718361
,64,99,242,2,0
,35,35,243,0,0
,,0,244,1,0
,,0,245,2,0
,,0,246,0,0
"Sugar nes, including invert sugar",,0,247,1,0
,,1216,248,2,0
,,1644,249,0,0
"Beans,small red (Adzuki) dried,shelled,whether or not skinned or split",1216,7785,250,1,7784.712634
,428,7785,251,2,0
,6141,7785,252,0,0
"Kidney beans&white pea beans drid shelld,whether o not skinnd o split",1216,7785,253,1,7784.712634
,428,7785,254,2,0
,6141,7785,255,0,0
"Beans dried, shelled, whether or not skinned or split, nes",1216,7785,256,1,7784.712634
,428,8258,257,2,0
,6141,8424,258,0,0
Flour and meal of the dried leguminous vegetables of heading No 07.13,1689,10812,259,1,10812.10088
,594,9123,260,2,0
,8529,8529,261,0,0
"Broad beans&horse beans dried,shelled,whether or not skinned or split",,0,262,1,0
,,1057,263,2,0
,,1105,264,0,0
"Peas dried, shelled, whether or not skinned or split",1057,5946,265,1,5945.823904
,48,6706,266,2,0
,4841,6659,267,0,0
"Chickpeas, dried, shelled, whether or not skinned or split",1818,10157,268,1,10157.13283
,,10655,269,2,0
,8339,10655,270,0,0
"Cow peas, dry",2315,10752,271,1,10752.43348
,,8437,272,2,0
,8437,8437,273,0,0
,,0,274,1,0
,,1782,275,2,0
,,1782,276,0,0
"Lentils dried, shelled, whether or not skinned or split",1782,9517,277,1,9517.386496
,,7736,278,2,0
,7736,7736,279,0,0
,,0,280,1,0
,,0,281,2,0
,,0,282,0,0
,,0,283,1,0
,,0,284,2,0
,,0,285,0,0
,,0,286,1,0
,,0,287,2,0
,,0,288,0,0
"Urd,mung,black/green gram beans drid shelld,whether/not skinnd/split",,0,289,1,0
,,0,290,2,0
,,0,291,0,0
,,0,292,1,0
,,0,293,2,0
,,0,294,0,0
,,0,295,1,0
,,0,296,2,0
,,0,297,0,0
,,0,298,1,0
,,0,299,2,0
,,0,300,0,0
"Chestnuts, fresh or dried, whether or not shelled or peeled",,0,301,1,0
,,1171,302,2,0
,,3209,303,0,0
Almonds in shell fresh or dried,1171,6528,304,1,6527.623105
,2038,7699,305,2,0
,3319,9736,306,0,0
"Almonds,fresh or dried,shelled or peeled",2342,13055,307,1,13055.24621
,4075,12087,308,2,0
,6638,9990,309,0,0
"Walnuts in shell, fresh or dried",1374,6570,310,1,6570.46913
,1979,7789,311,2,0
,3218,9543,312,0,0
"Walnuts, fresh or dried, shelled or peeled",2592,12397,313,1,12397.11157
,3733,10756,314,2,0
,6072,9181,315,0,0
"Pistachios, fresh or dried, whether or not shelled or peeled",951,3454,316,1,3453.512941
,2158,2503,317,2,0
,344,344,318,0,0
,,0,319,1,0
,,1787,320,2,0
,,4329,321,0,0
Hazelnuts or filberts in shell fresh or dried,1787,8372,322,1,8372.064814
,2542,10159,323,2,0
,4043,12701,324,0,0
"Hazelnuts or filberts, fresh or dried, shelled or peeled",3574,16744,325,1,16744.12963
,5084,13170,326,2,0
,8086,8086,327,0,0
,,0,328,1,0
,,2066,329,2,0
,,4449,330,0,0
"Nuts edible, fresh or dried, whether or not shelled or peeled, nes",2066,8470,331,1,8469.550648
,2382,7964,332,2,0
,4021,5673,333,0,0
Soya beans,1560,1662,334,1,1662.306018
,92,548,335,2,0
,10,482,336,0,0
Soya sauce,446,475,337,1,474.9445766
,26,445,338,2,0
,3,443,339,0,0
Soya curd (tofu),416,443,340,1,443.2816048
,25,2765,341,2,0
,3,2902,342,0,0
soybean ingredient into the soymilk,2737,2916,343,1,2916.326348
,162,2916,344,2,0
,17,2916,345,0,0
Soy burger,2737,2916,346,1,2916.326348
,162,2015,347,2,0
,17,1961,348,0,0
Soya bean flour and meals,1836,1956,349,1,1955.654139
,109,3108,350,2,0
,11,3176,351,0,0
"Soya-bean oil crude, whether or not degummed",2988,3183,352,1,3182.80563
,177,3244,353,2,0
,18,3247,354,0,0
"Soya-bean oil and its fractions, refined but not chemically modified",3049,3248,355,1,3247.760847
,180,1494,356,2,0
,19,1390,357,0,0
"Soya-bean oil-cake&oth solid residues,whether or not ground or pellet",1294,1379,358,1,1378.988614
,77,1342,359,2,0
,8,1518,360,0,0
Ground-nuts in shell not roasted or otherwise cooked,1257,1693,361,1,1692.743327
,253,2231,362,2,0
,183,2340,363,0,0
"Ground-nuts shelld,whether or not broken,not roastd or otherwise cookd",1796,2418,364,1,2418.204753
,362,3957,365,2,0
,261,4266,366,0,0
"Ground-nut oil, crude",3334,4490,367,1,4489.76696
,672,4558,368,2,0
,484,4572,369,0,0
Ground-nut oil and its fractions refined but not chemically modified,3402,4581,370,1,4581.394857
,685,1850,371,2,0
,494,1300,372,0,0
"Ground-nut oil-cake&oth solid residues,whether or not ground or pellet",671,903,373,1,902.9721482
,135,232,374,2,0
,97,97,375,0,0
,,0,376,1,0
,,0,377,2,0
,,0,378,0,0
Copra,,0,379,1,0
,,0,380,2,0
,,0,381,0,0
Coconut (husked),,0,382,1,0
,,0,383,2,0
,,0,384,0,0
Coconut (copra) oil crude,,0,385,1,0
,,0,386,2,0
,,0,387,0,0
Coconut (copra) oil&its fractions refined but not chemically modified,,0,388,1,0
,,0,389,2,0
,,0,390,0,0
"Coconut/copra oil-cake&oth solid residues,whether/not ground/pellet",,0,391,1,0
,,0,392,2,0
,,0,393,0,0
"Coconut (coir) fibre, raw",,0,394,1,0
,,0,395,2,0
,,0,396,0,0
"Coconut (coir) fibre,processd nt spun;tow,noils&waste of coconut fib",,0,397,1,0
,,0,398,2,0
,,0,399,0,0
"Palm nuts and kernels, whether or not broken",,0,400,1,0
,,0,401,2,0
,,0,402,0,0
Oil palm fruit,,0,403,1,0
,,0,404,2,0
,,0,405,0,0
"Palm oil, crude",,0,406,1,0
,,0,407,2,0
,,0,408,0,0
Palm oil and its fractions refined but not chemically modified,,0,409,1,0
,,0,410,2,0
,,0,411,0,0
"Palm kernel or babassu oil, crude",,0,412,1,0
,,0,413,2,0
,,0,414,0,0
"Palm kernel/babassu oil their fract,refind but not chemically modifid",,0,415,1,0
,,0,416,2,0
,,0,417,0,0
"Palm nut/kernel oil-cake&oth solid residues,whether/not ground/pellet",,0,418,1,0
,,454,419,2,0
,,999,420,0,0
Olives,454,1074,421,1,1074.102933
,545,1074,422,2,0
,75,1074,423,0,0
"Olives,provisionally preservd but nt suitable f immediate consumption",454,1074,424,1,1074.102933
,545,2794,425,2,0
,75,4857,426,0,0
"Olive oil, virgin",2175,5142,427,1,5141.8111
,2607,5186,428,2,0
,360,5239,429,0,0
Olive oil and its fractions refined but not chemically modified,2219,5247,430,1,5246.74602
,2660,3995,431,2,0
,368,2494,432,0,0
"Oils&thr fract nes obt from olives,ref'd/not,not chem mod,incl blends",967,2287,433,1,2287.035662
,1160,1320,434,2,0
,160,160,435,0,0
"Castor oil seeds, whether or not broken",,0,436,1,0
,,0,437,2,0
,,0,438,0,0
"Castor oil&its fractions,whether/not refind,but not chemically modifid",,0,439,1,0
,,3142,440,2,0
,,3256,441,0,0
"Sunflower seeds, whether or not broken",3142,3640,442,1,3640.054929
,114,6711,443,2,0
,384,6822,444,0,0
"Sunflower-seed or safflower oil, crude",6213,7198,445,1,7197.768109
,226,7325,446,2,0
,760,7329,447,0,0
Sunflower-sed/safflower oil&their fractions refind but nt chem modifid,6339,7345,448,1,7344.661336
,230,2271,449,2,0
,775,2086,450,0,0
"Sunflower sed oil-cake&oth solid residues,whether/not ground/pellet",1265,1466,451,1,1465.893626
,46,3009,452,2,0
,155,2984,453,0,0
"Rape or colza seeds, whether or not broken",2808,3205,454,1,3204.878453
,21,5609,455,2,0
,376,5627,456,0,0
"Rape, colza or mustard oil crude",5212,5948,457,1,5948.427509
,38,6055,458,2,0
,698,6056,459,0,0
"Rape,colza o mustard oil&their fract,refind but not chemically modifid",5319,6070,460,1,6069.823989
,39,2130,461,2,0
,712,2101,462,0,0
"Rape/colza sed oil-cake&oth solid residues,whether/not ground/pellet",1379,1574,463,1,1574.126666
,10,1541,464,2,0
,185,2366,465,0,0
"Safflower seeds, whether or not broken",1346,2523,466,1,2522.882355
,835,1177,467,2,0
,342,342,468,0,0
"Sesamum seeds, whether or not broken",,0,469,1,0
,,0,470,2,0
,,0,471,0,0
"Sesame oil&its fractions whether/not refind,but not chemically modifid",,0,472,1,0
,,2156,473,2,0
,,2156,474,0,0
"Mustard seeds, whether or not broken",2156,2794,475,1,2794.315175
,,639,476,2,0
,639,639,477,0,0
"Poppy seeds, whether or not broken",,0,478,1,0
,,0,479,2,0
,,0,480,0,0
,,0,481,1,0
,,2114,482,2,0
,,3017,483,0,0
Seed cotton,2114,3230,484,1,3230.424528
,903,1816,485,2,0
,213,1211,486,0,0
"Cotton seeds, whether or not broken",699,1068,487,1,1068.138873
,299,5151,488,2,0
,71,6895,489,0,0
Cotton lint,4781,7307,490,1,7307.134396
,2043,3891,491,2,0
,483,2431,492,0,0
Cotton linters,1365,2086,493,1,2086.35938
,583,2797,494,2,0
,138,3101,495,0,0
"Cotton-seed oil crude, whether or not gossypol has been removed",2076,3173,496,1,3173.025921
,887,3173,497,2,0
,210,3173,498,0,0
Cotton-seed and its fractions refined but not chemically modified,2076,3173,499,1,3173.025921
,887,1548,500,2,0
,210,854,501,0,0
"Cotton sed oil-cake&oth solid residues,whether or not ground or pellet",451,690,502,1,689.8407597
,193,5020,503,2,0
,46,6870,504,0,0
"Cotton, not carded or combed",4781,7307,505,1,7307.134396
,2043,3406,506,2,0
,483,1739,507,0,0
Cotton yarn waste (including thread waste),880,1345,508,1,1344.884922
,376,1785,509,2,0
,89,1973,510,0,0
Garnetted stock of cotton,1320,2018,511,1,2017.947012
,564,2251,512,2,0
,133,2351,513,0,0
"Cotton waste, nes",1553,2374,514,1,2374.055308
,664,5784,515,2,0
,157,7241,516,0,0
"Cotton, carded or combed",4963,7586,517,1,7585.512679
,2121,7609,518,2,0
,501,7791,519,0,0
Cotton fabric and finished textiles,4987,8099,520,1,8098.714778
,2303,5521,521,2,0
,809,4175,522,0,0
"Linseed, whether or not broken",2409,3366,523,1,3365.726679
,957,5258,524,2,0
,,6010,525,0,0
"Linseed oil, crude",4301,6010,526,1,6009.532882
,1708,6097,527,2,0
,,6132,528,0,0
"Linseed oil and its fractions, refined but not chemically modified",4389,6132,529,1,6132.17641
,1743,3177,530,2,0
,,2004,531,0,0
"Linseed oil-cake&other solid residues,whether or not ground or pellet",1434,2004,532,1,2003.793921
,570,570,533,2,0
,,0,534,0,0
,,0,535,1,0
,,0,536,2,0
,,0,537,0,0
,,0,538,1,0
,,0,539,2,0
,,0,540,0,0
"Shea nuts (karite nuts), whether or not broken",,0,541,1,0
,,0,542,2,0
,,0,543,0,0
"Oil seeds and oleaginous fruits, nes, whether or not broken",,0,544,1,0
,,0,545,2,0
,,0,546,0,0
"Flours and meals of oil seeds or oleaginous fruits,except mustard,nes",,0,547,1,0
,,0,548,2,0
,,0,549,0,0
"Jojoba oil&its fractions whether/not refind,but not chemically modifid",,0,550,1,0
,,123,551,2,0
,,241,552,0,0
"Cabbages,kohlrabi,kale and sim edible brassicas nes,fresh or chilled",123,301,553,1,301.2365058
,119,378,554,2,0
,60,733,555,0,0
"Globe artichokes, fresh or chilled",200,790,556,1,789.771679
,474,1543,557,2,0
,116,2406,558,0,0
"Asparagus, fresh or chilled",953,2712,559,1,2712.245694
,1337,1789,560,2,0
,423,495,561,0,0
Cabbage lettuce (head lettuce) fresh or chilled,30,113,562,1,112.8663427
,42,113,563,2,0
,41,113,564,0,0
"Lettuce, fresh or chilled nes",30,113,565,1,112.8663427
,42,143,566,2,0
,41,137,567,0,0
"Spinach,N-Z spinach & orache spinach (garden spinach),fresh or chilled",60,184,568,1,184.1014586
,37,295,569,2,0
,88,363,570,0,0
"Spinach, N-Z spinach and orache spinach (garden spinach), frozen",170,526,571,1,526.0041674
,105,387,572,2,0
,251,356,573,0,0
"Tomatoes, fresh or chilled",31,127,574,1,127.0604532
,74,251,575,2,0
,22,548,576,0,0
"Tomato juice, concentrated",155,635,577,1,635.302266
,372,604,578,2,0
,109,530,579,0,0
Tomato paste,124,508,580,1,508.2418128
,297,462,581,2,0
,87,350,582,0,0
Tomato ketchup,77,318,583,1,317.651133
,186,343,584,2,0
,54,405,585,0,0
Tomato puree,103,424,586,1,423.534844
,248,359,587,2,0
,72,204,588,0,0
Peeled tomatoes,39,159,589,1,158.8255665
,93,739,590,2,0
,27,2134,591,0,0
"Tomato, dried",619,2541,592,1,2541.209064
,1487,1961,593,2,0
,435,566,594,0,0
"Tomato juice unfermented&not spirited,whether or not sugared or sweet",39,159,595,1,158.8255665
,93,281,596,2,0
,27,270,597,0,0
"Cauliflowers and headed broccoli, fresh or chilled",161,326,598,1,325.8169926
,82,326,599,2,0
,83,326,600,0,0
"Brussels sprouts, fresh or chilled",161,326,601,1,325.8169926
,82,317,602,2,0
,83,266,603,0,0
"Pumpkins, squash and gourds",152,256,604,1,256.3800874
,30,290,605,2,0
,74,401,606,0,0
"Cucumbers and gherkins, fresh or chilled",186,423,607,1,423.0955857
,142,423,608,2,0
,95,423,609,0,0
"Cucumbers&gherkins provisionally presvd,but nt f immediate consumption",186,423,610,1,423.0955857
,142,322,611,2,0
,95,273,612,0,0
"Aubergines(egg-plants), fresh or chilled",84,226,613,1,226.4306446
,93,237,614,2,0
,49,241,615,0,0
"Peppers of the genus Capsicum or of the genus Pimenta,fresh or chilled",95,249,616,1,249.4150098
,97,155,617,2,0
,58,58,618,0,0
"Onions and shallots, fresh or chilled",,0,619,1,0
,,53,620,2,0
,,127,621,0,0
"Onions,provisionally preservd but nt suitable f immediate consumption",53,159,622,1,159.2851387
,74,159,623,2,0
,32,159,624,0,0
Onions dried but not further prepared,53,159,625,1,159.2851387
,74,222,626,2,0
,32,334,627,0,0
"Garlic, fresh or chilled",116,379,628,1,379.2566936
,186,710,629,2,0
,77,1239,630,0,0
Garlic powder,447,1459,631,1,1458.679591
,715,1336,632,2,0
,297,755,633,0,0
"Beans, shelled or unshelled, fresh or chilled",324,748,634,1,747.8366139
,134,887,635,2,0
,290,944,636,0,0
"Beans, frozen",463,1068,637,1,1068.33802
,191,855,638,2,0
,414,775,639,0,0
"Peas, shelled or unshelled, fresh or chilled",249,525,640,1,525.2675498
,111,632,641,2,0
,164,680,642,0,0
"Peas, frozen",356,750,643,1,750.3822141
,159,723,644,2,0
,235,676,645,0,0
String beans,329,628,646,1,628.0295068
,111,364,647,2,0
,187,272,648,0,0
"Carrots and turnips, fresh or chilled",65,124,649,1,124.2959666
,20,124,650,2,0
,39,124,651,0,0
"Celery, other than celeriac, fresh or chilled",65,124,652,1,124.2959666
,20,670,653,2,0
,39,875,654,0,0
Okra,611,1037,655,1,1036.542519
,224,622,656,2,0
,201,630,657,0,0
"Maize, green",197,533,658,1,533.1790059
,232,533,659,2,0
,104,533,660,0,0
"Sweet corn, frozen",197,533,661,1,533.1790059
,232,336,662,2,0
,104,104,663,0,0
,,0,664,1,0
,,39,665,2,0
,,84,666,0,0
"Vegetables, fresh or chilled nes",39,108,667,1,108.3141738
,46,125,668,2,0
,24,144,669,0,0
"Vegetables, frozen nes",55,155,670,1,154.734534
,65,138,671,2,0
,34,119,672,0,0
"Mixtures of vegetables, frozen",39,108,673,1,108.3141738
,46,108,674,2,0
,24,108,675,0,0
Vegetables nes&mixtures provis presvd but nt f immediate consumptn,39,108,676,1,108.3141738
,46,180,677,2,0
,24,265,678,0,0
"Vegetables and mixtures dried, but not further prepared nes",111,309,679,1,309.4690679
,130,237,680,2,0
,69,153,681,0,0
Vegetable products nes used primarily for human consumption,39,108,682,1,108.3141738
,46,441,683,2,0
,24,710,684,0,0
"Bananas including plantains, fresh or dried",372,762,685,1,762.0111396
,315,762,686,2,0
,76,762,687,0,0
Bananas,372,762,688,1,762.0111396
,315,390,689,2,0
,76,76,690,0,0
,,0,691,1,0
,,231,692,2,0
,,289,693,0,0
"Oranges, fresh or dried",231,332,694,1,331.7777155
,57,521,695,2,0
,43,568,696,0,0
"Orange juice,unfermentd&not spiritd,whether/not sugard/sweet,frozen",421,603,697,1,603.23221
,104,603,698,2,0
,78,603,699,0,0
"Orange juice nes,unfermentd&not spiritd,whether or not sugard or sweet",421,603,700,1,603.23221
,104,494,701,2,0
,78,473,702,0,0
"Mandarins(tang&sats)clementines&wilkgs &sim citrus hybrids,fresh/drid",311,455,703,1,455.0315689
,84,395,704,2,0
,60,364,705,0,0
"Lemons and limes, fresh or dried",251,349,706,1,348.600141
,52,303,707,2,0
,45,308,708,0,0
"Grapefruit, fresh or dried",206,303,709,1,302.7119832
,57,371,710,2,0
,40,390,711,0,0
"Grapefruit juice,unfermentd&not spiritd,whether or not sugard or sweet",274,404,712,1,403.6159776
,77,354,713,2,0
,53,338,714,0,0
"Citrus fruits, fresh or dried, nes",225,328,715,1,328.2240668
,60,372,716,2,0
,43,384,717,0,0
"Peel of citrus fruit/melons (watermelons) fresh,frz,drid/prov presvd",269,393,718,1,392.7525734
,72,410,719,2,0
,52,415,720,0,0
"Citrus fruit juice nes exc mx unferment unspiritd,wthr/nt sug/sweet",286,418,721,1,418.2471335
,77,418,722,2,0
,55,418,723,0,0
"Fruit&veg juice nes (exc mx) unferment unspiritd,whether/not sug/sweet",286,418,724,1,418.2471335
,77,418,725,2,0
,55,418,726,0,0
Mixtures of juices unfermentd&not spiritd whether o not sugard o sweet,286,418,727,1,418.2471335
,77,280,728,2,0
,55,447,729,0,0
"Apples, fresh",148,447,730,1,446.6378474
,244,1534,731,2,0
,54,3323,732,0,0
"Apples, dried",1236,3722,733,1,3721.982061
,2032,2692,734,2,0
,453,998,735,0,0
Apple juice unfermented&not spiritd whether or not sugard or sweetend,206,620,736,1,620.3303435
,339,541,737,2,0
,76,391,738,0,0
"Pears and quinces, fresh",127,360,739,1,359.5002529
,188,562,740,2,0
,45,910,741,0,0
"Apricots, fresh",329,993,742,1,992.6106477
,536,1798,743,2,0
,127,3111,744,0,0
"Apricots, dried",1135,3423,745,1,3422.795337
,1849,2799,746,2,0
,439,1640,747,0,0
Sour cherries,511,1394,748,1,1394.126898
,690,1411,749,2,0
,194,1626,750,0,0
"Cherries, fresh",528,1631,751,1,1630.917257
,905,1631,752,2,0
,199,1631,753,0,0
Cherries provisionally preservd but unsuitable f immediate consumption,528,1631,754,1,1630.917257
,905,1323,755,2,0
,199,743,756,0,0
"Peaches, including nectarines, fresh",220,625,757,1,625.2881412
,325,712,758,2,0
,81,880,759,0,0
"Plums and sloes, fresh",307,909,760,1,909.2188736
,492,1480,761,2,0
,110,2394,762,0,0
"Prunes, dried",878,2598,763,1,2597.76821
,1406,1720,764,2,0
,314,314,765,0,0
,,0,766,1,0
,,0,767,2,0
,,0,768,0,0
Mixtures of edible nuts or dried fruits of this chapter,,0,769,1,0
,,0,770,2,0
,,0,771,0,0
"Apricot,peach/plum stones&kernels nes,usd primly f human consumption",,0,772,1,0
,,79,773,2,0
,,133,774,0,0
"Strawberries, fresh",79,165,775,1,165.3869124
,54,165,776,2,0
,32,165,777,0,0
"Strawberries,uncookd o steamd o boild in water,sweetend o not,frozen",79,165,778,1,165.3869124
,54,165,779,2,0
,32,165,780,0,0
Strawberries provis preservd but unsuitable f immediate consumption,79,165,781,1,165.3869124
,54,258,782,2,0
,32,430,783,0,0
"Raspberries, blackberries, mulberries and loganberries, fresh",171,563,784,1,563.3770837
,227,563,785,2,0
,165,563,786,0,0
"Raspberries,mulberries,etc uncook,steam/boil in water sweetend/nt,froz",171,563,787,1,563.3770837
,227,392,788,2,0
,165,165,789,0,0
,,0,790,1,0
,,0,791,2,0
,,0,792,0,0
"Black, white or red currants and gooseberries, fresh",,0,793,1,0
,,0,794,2,0
,,0,795,0,0
,,0,796,1,0
,,229,797,2,0
,,532,798,0,0
Blueberries,229,753,799,1,752.809884
,303,610,800,2,0
,221,421,801,0,0
"Cranberries, bilberries and other fruits of the genus Vaccinium, fresh",86,283,802,1,283.4928069
,114,397,803,2,0
,83,546,804,0,0
Berries Nes,199,655,805,1,655.1915517
,264,575,806,2,0
,192,521,807,0,0
"Grapes, fresh",120,416,808,1,416.4144576
,210,775,809,2,0
,87,1404,810,0,0
"Grapes, dried",478,1666,811,1,1665.65783
,839,1347,812,2,0
,349,788,813,0,0
"Grape juice (incl grape must) unferment&unspiritd,wthr/nt sug/sweet",159,555,814,1,555.2192768
,280,567,815,2,0
,116,587,816,0,0
"Grape wines, sparkling",171,595,817,1,594.8777965
,299,563,818,2,0
,125,507,819,0,0
"Grape wines nes,incl fort&grape must,unfermntd by add alc in ctnr</=2l",139,484,820,1,484.2028576
,244,484,821,2,0
,101,484,822,0,0
"Grape wines nes,incl fort&grape must,unfermntd by add alc,in ctnr > 2l",139,484,823,1,484.2028576
,244,484,824,2,0
,101,484,825,0,0
"Grape must nes, unfermented, other than that of heading No 20.09",139,484,826,1,484.2028576
,244,516,827,2,0
,101,572,828,0,0
Vermouth&oth grape wines flav w plants o arom subst in ctnr </= 2 l,171,595,829,1,594.8777965
,299,595,830,2,0
,125,595,831,0,0
Vermouth&oth grape wines flav with plants or arom subst in ctnr > 2 l,171,595,832,1,594.8777965
,299,595,833,2,0
,125,595,834,0,0
"Fermented beverages nes (for example, cider, perry, mead, etc)",171,595,835,1,594.8777965
,299,595,836,2,0
,125,595,837,0,0
Spirits obtained by distilling grape wine or grape marc,171,595,838,1,594.8777965
,299,516,839,2,0
,125,310,840,0,0
Watermelons,92,238,841,1,238.4516556
,94,227,842,2,0
,53,170,843,0,0
Other melons (inc. cantaloupes),80,182,844,1,182.244823
,37,552,845,2,0
,65,1091,846,0,0
"Figs, fresh or dried",450,1211,847,1,1211.245033
,577,3374,848,2,0
,185,3670,849,0,0
"Guavas, mangoes and mangosteens, fresh or dried",2613,3805,850,1,3804.904704
,873,1596,851,2,0
,320,1322,852,0,0
"Avocados, fresh or dried",404,1209,853,1,1208.899401
,599,949,854,2,0
,206,355,855,0,0
"Pineapples, fresh or dried",144,187,856,1,186.9262892
,5,762,857,2,0
,38,781,858,0,0
"Pineapple juice,unfermented&not spiritd,whether or not sugard or sweet",719,935,859,1,934.6314462
,24,533,860,2,0
,191,509,861,0,0
"Dates, fresh or dried",317,474,862,1,474.0490707
,,157,863,2,0
,157,157,864,0,0
,,0,865,1,0
,,195,866,2,0
,,682,867,0,0
Kiwi fruit,195,787,868,1,786.9447845
,487,951,869,2,0
,105,528,870,0,0
"Papaws (papayas), fresh",359,475,871,1,474.8524536
,63,116,872,2,0
,52,52,873,0,0
,,0,874,1,0
,,193,875,2,0
,,489,876,0,0
"Fruits, fresh nes",193,556,877,1,555.6836212
,296,1134,878,2,0
,67,2021,879,0,0
"Fruits, dried nes",771,2223,880,1,2222.734485
,1184,9329,881,2,0
,269,8146,882,0,0
"Coffee, not roasted, not decaffeinated",7877,15704,883,1,15703.5046
,,15704,884,2,0
,7826,15704,885,0,0
"Coffee, not roasted, decaffeinated",7877,15704,886,1,15703.5046
,,17204,887,2,0
,7826,17204,888,0,0
"Coffee, roasted, not decaffeinated",9378,18695,889,1,18694.64833
,,18695,890,2,0
,9317,18695,891,0,0
"Coffee, roasted, decaffeinated",9378,18695,892,1,18694.64833
,,9317,893,2,0
,9317,9317,894,0,0
"Cocoa beans, whole or broken, raw or roasted",,0,895,1,0
,,0,896,2,0
,,0,897,0,0
"Cocoa shells, husks, skins and other cocoa waste",,0,898,1,0
,,0,899,2,0
,,0,900,0,0
Cocoa paste not defatted,,0,901,1,0
,,0,902,2,0
,,0,903,0,0
Cocoa paste wholly or partly defatted,,0,904,1,0
,,0,905,2,0
,,0,906,0,0
"Cocoa butter, fat and oil",,0,907,1,0
,,0,908,2,0
,,0,909,0,0
"Cocoa powder, not containing added sugar or other sweetening matter",,0,910,1,0
,,0,911,2,0
,,0,912,0,0
Chocolate,,0,913,1,0
,,0,914,2,0
,,0,915,0,0
"Cocoa powder, containing added sugar or other sweetening matter",,0,916,1,0
,,0,917,2,0
,,0,918,0,0
,,0,919,1,0
,,0,920,2,0
,,0,921,0,0
Green tea (not fermented) in packages not exceeding 3 kg,,0,922,1,0
,,0,923,2,0
,,0,924,0,0
Green tea (not fermented) in packages exceeding 3 kg,,0,925,1,0
,,0,926,2,0
,,0,927,0,0
Black tea (fermented)&partly fermentd tea in packages not exceedg 3 kg,,0,928,1,0
,,0,929,2,0
,,0,930,0,0
Black tea (fermented) & partly fermented tea in packages exceedg 3 kg,,0,931,1,0
,,917,932,2,0
,,1817,933,0,0
"Hop cones, not ground, powdered or pelleted",917,6920,934,1,6919.668557
,900,6920,935,2,0
,5103,6920,936,0,0
"Hop cones, ground, powdered or pelleted and lupulin",917,6920,937,1,6919.668557
,900,9671,938,2,0
,5103,12370,939,0,0
Hop extract,3669,27679,940,1,27678.67423
,3598,24010,941,2,0
,20412,20412,942,0,0
"Pepper of the genus Piper,ex cubeb pepper,neither crushd nor ground",,0,943,1,0
,,0,944,2,0
,,0,945,0,0
"Pepper of the genus Piper, except cubeb pepper, crushed or ground",,0,946,1,0
,,0,947,2,0
,,0,948,0,0
"Fruits of the genus Capsicum or Pimenta, dried, crushed or ground",,0,949,1,0
,,0,950,2,0
,,0,951,0,0
Vanilla beans,,0,952,1,0
,,0,953,2,0
,,0,954,0,0
Cinnamon and cinnamon-tree flowers neither crushed nor ground,,0,955,1,0
,,0,956,2,0
,,0,957,0,0
Cinnamon and cinnamon-tree flowers crushed or ground,,0,958,1,0
,,0,959,2,0
,,0,960,0,0
"Cloves (whole fruit, cloves and stems)",,0,961,1,0
,,0,962,2,0
,,0,963,0,0
"Nutmeg, Mace, Cardamons",,0,964,1,0
,,0,965,2,0
,,0,966,0,0
Anise or badian seeds,,0,967,1,0
,,0,968,2,0
,,0,969,0,0
Coriander seeds,,0,970,1,0
,,75,971,2,0
,,104,972,0,0
Ginger,75,302,973,1,301.7285689
,30,302,974,2,0
,197,302,975,0,0
Turmeric (curcuma),75,302,976,1,301.7285689
,30,302,977,2,0
,197,302,978,0,0
Curry,75,302,979,1,301.7285689
,30,227,980,2,0
,197,197,981,0,0
Mixtures of two/more of the prods of different headgs to this chapter,,0,982,1,0
,,0,983,2,0
,,0,984,0,0
Spices nes,,0,985,1,0
,,0,986,2,0
,,0,987,0,0
,,0,988,1,0
,,0,989,2,0
,,0,990,0,0
"Flax fibre, raw or retted",,0,991,1,0
,,0,992,2,0
,,0,993,0,0
"Flax fibre, broken or scutched",,0,994,1,0
,,0,995,2,0
,,0,996,0,0
"Flax fibre, otherwise processed but not spun",,0,997,1,0
,,0,998,2,0
,,0,999,0,0
Flax tow and waste (including yarn waste and garnetted stock),,0,1000,1,0
,,0,1001,2,0
,,0,1002,0,0
"True hemp fibre (Cannabis sativa l), raw or retted",,0,1003,1,0
,,0,1004,2,0
,,0,1005,0,0
True hemp fibre otherwise processd but not spun;tow&waste of true hemp,,0,1006,1,0
,,0,1007,2,0
,,0,1008,0,0
"Jute and other textile bast fibres, raw or retted",,0,1009,1,0
,,0,1010,2,0
,,0,1011,0,0
"Jute and other tex bast fib,not spun,nes;tow and waste of these fibres",,0,1012,1,0
,,0,1013,2,0
,,0,1014,0,0
,,0,1015,1,0
,,0,1016,2,0
,,0,1017,0,0
"Ramie & other vegetable textile fibers, raw or processed but not spun; tow, noils & waste of these fibres",,0,1018,1,0
,,0,1019,2,0
,,0,1020,0,0
,,0,1021,1,0
,,0,1022,2,0
,,0,1023,0,0
"Sisal and other textile fibres of the genus Agave, raw",,0,1024,1,0
,,0,1025,2,0
,,0,1026,0,0
Sisal textile fibres processed but not spun;tow&waste of sisal fibres,,0,1027,1,0
,,0,1028,2,0
,,0,1029,0,0
,,0,1030,1,0
,,0,1031,2,0
,,0,1032,0,0
"Abaca fibre, raw",,0,1033,1,0
,,0,1034,2,0
,,0,1035,0,0
"Abaca fibre,processed but not spun;tow,noils and waste of abaca fibres",,0,1036,1,0
,,0,1037,2,0
,,0,1038,0,0
Fibre Crops Nes,,0,1039,1,0
,,0,1040,2,0
,,0,1041,0,0
"Vegetable textile fibres nes, raw",,0,1042,1,0
,,0,1043,2,0
,,0,1044,0,0
"Vegetable tex fib nes,processd nt spun;tow,noils&waste of these fibres",,0,1045,1,0
,,1584,1046,2,0
,,1653,1047,0,0
"Tobacco, unmanufactured, not stemmed or stripped",1584,5875,1048,1,5874.78944
,69,5875,1049,2,0
,4222,5875,1050,0,0
"Tobacco, unmanufactured, partly or wholly stemmed or stripped",1584,5875,1051,1,5874.78944
,69,5875,1052,2,0
,4222,5875,1053,0,0
Tobacco refuse,1584,5875,1054,1,5874.78944
,69,4291,1055,2,0
,4222,4222,1056,0,0
,,0,1057,1,0
,,0,1058,2,0
,,0,1059,0,0
,,,,,
,,,,,
,,,,,
,,,,,
,,,,,
,,,,,
,,,,,
,,,,,
,,,,,
,,,,,
,,,,,
,,,,,
,,,,,
,,,,,
,,,,,
,,,,,
,,,,,
,,,,,
,,,,,
,,,,,
,,,,,
,,,,,
,,,,,
,,,,,
,,,,,
,,,,,
,,,,,
,,,,,
,,,,,
,,,,,
,,,,,
,,,,,
,,,,,
,,,,,
,,,,,
,,,,,